Date and time,12/12/2023 13:32:45
Voltage,Time
0.9395902156829834,+0000.049E+00NV
2.72704815864563,+0000.049E+00NV
3.536229372024536,+0000.049E+00NV
4.339021682739258,+0000.049E+00NV
5.14117693901062,+0000.049E+00NV
5.920557260513306,+0000.049E+00NV
+0000.049E+00NV,6.756463527679443
+0000.050E+00NV,7.670718193054199
8.575754404067993,+0000.050E+00NV
9.418829202651978,+0000.050E+00NV
10.228227615356445,+0000.050E+00NV
10.99560546875,+0000.050E+00NV
11.804924249649048,+0000.050E+00NV
12.693716287612915,+0000.050E+00NV
13.482945680618286,+0000.050E+00NV
+0000.050E+00NV,14.218121767044067
+0000.050E+00NV,14.970881700515747
+0000.050E+00NV,15.757158756256104
16.576523065567017,+0000.050E+00NV
17.32806897163391,+0000.050E+00NV
+0000.051E+00NV,18.135767459869385
+0000.051E+00NV,18.96022939682007
+0000.051E+00NV,19.713059425354004
+0000.051E+00NV,20.494654893875122
+0000.051E+00NV,21.289445877075195
+0000.051E+00NV,22.16682767868042
+0000.051E+00NV,22.95007824897766
+0000.051E+00NV,23.710010766983032
+0000.051E+00NV,24.637752771377563
+0000.052E+00NV,25.5730881690979
+0000.052E+00NV,26.303194522857666
+0000.052E+00NV,27.128270387649536
+0000.052E+00NV,28.024999618530273
+0000.052E+00NV,28.86822009086609
+0000.052E+00NV,29.684785842895508
+0000.052E+00NV,30.539939880371094
+0000.052E+00NV,31.41219162940979
32.34077429771423,+0000.052E+00NV
+0000.052E+00NV,33.188602924346924
33.98950004577637,+0000.053E+00NV
34.776185750961304,+0000.053E+00NV
35.72309398651123,+0000.053E+00NV
36.52102851867676,+0000.053E+00NV
37.320499897003174,+0000.053E+00NV
38.144609689712524,+0000.053E+00NV
+0000.053E+00NV,39.21798491477966
40.14254665374756,+0000.053E+00NV
40.959723234176636,+0000.053E+00NV
41.99581551551819,+0000.054E+00NV
42.96048665046692,+0000.054E+00NV
43.73761820793152,+0000.054E+00NV
44.68780589103699,+0000.054E+00NV
45.5244505405426,+0000.054E+00NV
46.37016153335571,+0000.054E+00NV
47.29268431663513,+0000.054E+00NV
48.1998348236084,+0000.054E+00NV
49.05723834037781,+0000.054E+00NV
49.889580726623535,+0000.054E+00NV
50.79687476158142,+0000.054E+00NV
51.59470772743225,+0000.055E+00NV
+0000.055E+00NV,52.68603515625
+0000.055E+00NV,53.54980683326721
+0000.055E+00NV,54.36541795730591
+0000.055E+00NV,55.157161235809326
56.062047481536865,+0000.055E+00NV
56.97540807723999,+0000.055E+00NV
57.8965220451355,+0000.055E+00NV
58.776636600494385,+0000.055E+00NV
+0000.056E+00NV,59.65843605995178
+0000.056E+00NV,60.563878774642944
+0000.056E+00NV,61.64791488647461
+0000.056E+00NV,62.45907473564148
+0000.056E+00NV,63.38546895980835
+0000.056E+00NV,64.18266654014587
+0000.056E+00NV,65.02261185646057
+0000.056E+00NV,66.08023595809937
+0000.056E+00NV,67.10727858543396
+0000.056E+00NV,68.09702968597412
+0000.057E+00NV,68.94479727745056
+0000.057E+00NV,69.96857833862305
+0000.057E+00NV,70.8304340839386
+0000.057E+00NV,71.92511320114136
72.75687146186829,+0000.057E+00NV
73.64458012580872,+0000.057E+00NV
74.76757478713989,+0000.057E+00NV
75.82362413406372,+0000.057E+00NV
+0000.058E+00NV,76.67139983177185
+0000.058E+00NV,77.68095231056213
+0000.058E+00NV,78.62451481819153
+0000.058E+00NV,79.68904829025269
80.61639857292175,+0000.058E+00NV
81.61456799507141,+0000.058E+00NV
82.59818053245544,+0000.058E+00NV
83.55290699005127,+0000.058E+00NV
+0000.058E+00NV,84.53872561454773
+0000.058E+00NV,85.532794713974
+0000.058E+00NV,86.49790477752686
+0000.058E+00NV,87.50474214553833
88.43145179748535,+0000.059E+00NV
89.36905598640442,+0000.059E+00NV
90.29176592826843,+0000.059E+00NV
91.26077961921692,+0000.059E+00NV
92.42871928215027,+0000.059E+00NV
93.27720332145691,+0000.059E+00NV
+0000.059E+00NV,94.16074872016907
+0000.059E+00NV,95.1072199344635
96.06805753707886,+0000.060E+00NV
97.03688955307007,+0000.060E+00NV
97.99091362953186,+0000.060E+00NV
98.9952118396759,+0000.060E+00NV
99.95044112205505,+0000.060E+00NV
+0000.060E+00NV,101.01544141769409
+0000.060E+00NV,101.88703846931458
+0000.060E+00NV,102.90032982826233
+0000.060E+00NV,103.97687864303589
107.47925186157227,+0000.061E+00NV
108.79467344284058,+0000.061E+00NV
109.78189706802368,+0000.061E+00NV
110.73546290397644,+0000.061E+00NV
+0000.061E+00NV,111.63860940933228
112.62329721450806,+0000.061E+00NV
113.71780896186829,+0000.061E+00NV
+0000.062E+00NV,114.66966438293457
+0000.062E+00NV,115.73766803741455
+0000.062E+00NV,116.65930914878845
+0000.062E+00NV,117.68353176116943
+0000.062E+00NV,118.65991997718811
+0000.062E+00NV,119.65235948562622
+0000.062E+00NV,120.64338612556458
+0000.062E+00NV,121.62695217132568
+0000.062E+00NV,122.60310626029968
+0000.062E+00NV,123.60667824745178
124.57518792152405,+0000.063E+00NV
125.93559503555298,+0000.063E+00NV
126.9850754737854,+0000.063E+00NV
128.12299704551697,+0000.063E+00NV
129.1942822933197,+0000.063E+00NV
130.1377809047699,+0000.063E+00NV
131.10344243049622,+0000.063E+00NV
132.13665866851807,+0000.063E+00NV
133.10548305511475,+0000.063E+00NV
134.16110372543335,+0000.064E+00NV
135.2429211139679,+0000.064E+00NV
136.29416275024414,+0000.064E+00NV
137.31182074546814,+0000.064E+00NV
138.34487748146057,+0000.064E+00NV
139.3960361480713,+0000.064E+00NV
140.48627614974976,+0000.064E+00NV
141.82079410552979,+0000.064E+00NV
+0000.065E+00NV,143.0881667137146
144.153067111969,+0000.065E+00NV
145.0896999835968,+0000.065E+00NV
146.0597414970398,+0000.065E+00NV
147.10322284698486,+0000.065E+00NV
148.10904216766357,+0000.065E+00NV
149.12615633010864,+0000.065E+00NV
150.1264955997467,+0000.065E+00NV
+0000.065E+00NV,151.2325758934021
152.21870613098145,+0000.066E+00NV
153.4418168067932,+0000.066E+00NV
154.6038315296173,+0000.066E+00NV
+0000.066E+00NV,155.80729293823242
+0000.066E+00NV,156.9122986793518
+0000.066E+00NV,157.89104843139648
+0000.066E+00NV,159.27656078338623
160.55557298660278,+0000.067E+00NV
161.68130350112915,+0000.067E+00NV
162.84497904777527,+0000.067E+00NV
163.88044095039368,+0000.067E+00NV
164.98082637786865,+0000.067E+00NV
+0000.067E+00NV,166.15729069709778
167.21532797813416,+0000.068E+00NV
168.3158323764801,+0000.068E+00NV
169.3769407272339,+0000.068E+00NV
170.62775230407715,+0000.068E+00NV
171.7966194152832,+0000.068E+00NV
172.84501242637634,+0000.068E+00NV
174.093829870224,+0000.068E+00NV
+0000.069E+00NV,175.5358486175537
176.72809076309204,+0000.069E+00NV
177.85181164741516,+0000.069E+00NV
178.98399305343628,+0000.069E+00NV
+0000.069E+00NV,180.31668710708618
+0000.070E+00NV,181.5708782672882
+0000.070E+00NV,182.89178323745728
184.14414930343628,+0000.070E+00NV
185.4194884300232,+0000.070E+00NV
186.5410680770874,+0000.070E+00NV
187.64478945732117,+0000.070E+00NV
188.7465512752533,+0000.070E+00NV
+0000.071E+00NV,189.8622705936432
+0000.071E+00NV,191.3533980846405
192.4237744808197,+0000.071E+00NV
193.4227170944214,+0000.071E+00NV
194.435786485672,+0000.071E+00NV
+0000.071E+00NV,195.47728896141052
+0000.072E+00NV,196.5825366973877
+0000.072E+00NV,197.80253291130066
+0000.072E+00NV,199.29583740234375
200.51697373390198,+0000.072E+00NV
+0000.072E+00NV,201.61405992507935
202.75133109092712,+0000.073E+00NV
+0000.073E+00NV,203.95084619522095
+0000.073E+00NV,205.04680848121643
+0000.073E+00NV,206.2271704673767
+0000.073E+00NV,207.24948954582214
208.7495095729828,+0000.073E+00NV
209.87790989875793,+0000.073E+00NV
211.02551937103271,+0000.074E+00NV
212.05903220176697,+0000.074E+00NV
213.21703553199768,+0000.074E+00NV
+0000.074E+00NV,214.4367871284485
+0000.074E+00NV,215.54550981521606
216.6630825996399,+0000.074E+00NV
217.9058198928833,+0000.075E+00NV
+0000.075E+00NV,219.27858352661133
+0000.075E+00NV,220.65052008628845
+0000.075E+00NV,221.9389991760254
+0000.075E+00NV,223.23677444458008
224.74653697013855,+0000.075E+00NV
226.04913783073425,+0000.076E+00NV
227.41382956504822,+0000.076E+00NV
228.53110361099243,+0000.076E+00NV
229.72430181503296,+0000.076E+00NV
+0000.076E+00NV,230.9536919593811
232.01106882095337,+0000.077E+00NV
233.23341846466064,+0000.077E+00NV
234.35247540473938,+0000.077E+00NV
+0000.077E+00NV,235.51570010185242
+0000.077E+00NV,236.69005751609802
+0000.077E+00NV,237.9323480129242
+0000.077E+00NV,239.14184975624084
240.37731647491455,+0000.077E+00NV
241.9466462135315,+0000.078E+00NV
243.20450496673584,+0000.078E+00NV
244.3584325313568,+0000.078E+00NV
245.7287404537201,+0000.078E+00NV
+0000.078E+00NV,247.10890674591064
248.20753574371338,+0000.078E+00NV
249.57766938209534,+0000.078E+00NV
+0000.079E+00NV,250.75703191757202
+0000.079E+00NV,252.023779630661
+0000.079E+00NV,253.3801417350769
+0000.079E+00NV,254.74515533447266
256.17224049568176,+0000.079E+00NV
257.4204251766205,+0000.079E+00NV
+0000.079E+00NV,259.11222529411316
260.2738299369812,+0000.080E+00NV
261.54927468299866,+0000.080E+00NV
262.761607170105,+0000.080E+00NV
264.11939787864685,+0000.080E+00NV
265.57885479927063,+0000.080E+00NV
266.7967481613159,+0000.080E+00NV
268.08191776275635,+0000.081E+00NV
269.4255356788635,+0000.081E+00NV
+0000.081E+00NV,270.7730391025543
272.1433563232422,+0000.081E+00NV
273.45690059661865,+0000.081E+00NV
275.1544704437256,+0000.081E+00NV
+0000.082E+00NV,276.4442710876465
+0000.082E+00NV,277.7120554447174
+0000.082E+00NV,278.9486379623413
280.2782895565033,+0000.082E+00NV
281.47312450408936,+0000.082E+00NV
+0000.082E+00NV,282.03731203079224
+0000.082E+00NV,283.85911893844604
285.14366841316223,+0000.083E+00NV
288.02966475486755,+0000.083E+00NV
289.58292508125305,+0000.083E+00NV
291.3490717411041,+0000.083E+00NV
293.3748896121979,+0000.083E+00NV
+0000.084E+00NV,294.9104301929474
296.7180070877075,+0000.084E+00NV
+0000.084E+00NV,298.3794436454773
+0000.084E+00NV,299.89024019241333
+0000.084E+00NV,300.45762372016907
+0000.084E+00NV,302.9286551475525
304.36130475997925,+0000.085E+00NV
306.1657118797302,+0000.085E+00NV
308.54119205474854,+0000.085E+00NV
310.9889934062958,+0000.085E+00NV
312.9585883617401,+0000.085E+00NV
314.8072557449341,+0000.086E+00NV
+0000.086E+00NV,316.7276964187622
+0000.086E+00NV,318.81753635406494
320.3791687488556,+0000.086E+00NV
322.34079575538635,+0000.087E+00NV
324.1140625476837,+0000.087E+00NV
325.46609354019165,+0000.087E+00NV
+0000.087E+00NV,327.10662388801575
328.55365443229675,+0000.087E+00NV
330.0985674858093,+0000.087E+00NV
+0000.088E+00NV,332.04613161087036
+0000.088E+00NV,333.8833668231964
+0000.088E+00NV,335.61213183403015
337.1098642349243,+0000.088E+00NV
338.57144951820374,+0000.088E+00NV
340.3026361465454,+0000.089E+00NV
341.91655111312866,+0000.089E+00NV
343.51145482063293,+0000.089E+00NV
345.5303614139557,+0000.089E+00NV
347.79292607307434,+0000.089E+00NV
349.89637899398804,+0000.089E+00NV
+0000.090E+00NV,351.6729154586792
353.79974460601807,+0000.090E+00NV
355.83357310295105,+0000.090E+00NV
+0000.090E+00NV,357.83974266052246
+0000.090E+00NV,359.76325368881226
361.48624300956726,+0000.090E+00NV
+0000.091E+00NV,362.92121267318726
+0000.091E+00NV,364.8162844181061
+0000.091E+00NV,366.667117357254
368.5698311328888,+0000.091E+00NV
+0000.091E+00NV,370.5604636669159
+0000.091E+00NV,371.8879406452179
+0000.092E+00NV,373.24367785453796
+0000.092E+00NV,375.115834236145
+0000.092E+00NV,376.6807246208191
+0000.092E+00NV,378.1614830493927
+0000.092E+00NV,379.5712625980377
+0000.092E+00NV,380.97294569015503
382.51286935806274,+0000.093E+00NV
384.0328176021576,+0000.093E+00NV
385.54581117630005,+0000.093E+00NV
386.9990108013153,+0000.093E+00NV
388.37570333480835,+0000.093E+00NV
389.81351232528687,+0000.093E+00NV
391.32418060302734,+0000.093E+00NV
393.0374093055725,+0000.093E+00NV
394.5098729133606,+0000.093E+00NV
+0000.094E+00NV,395.9022161960602
+0000.094E+00NV,397.86560893058777
+0000.094E+00NV,399.48246145248413
400.98806643486023,+0000.094E+00NV
+0000.094E+00NV,402.35606932640076
+0000.094E+00NV,403.6496801376343
+0000.094E+00NV,404.9611322879791
+0000.095E+00NV,406.5393702983856
+0000.095E+00NV,407.9859538078308
409.7869734764099,+0000.095E+00NV
+0000.095E+00NV,411.05585980415344
+0000.095E+00NV,412.47870898246765
+0000.095E+00NV,414.0172851085663
+0000.096E+00NV,415.4799621105194
417.10539150238037,+0000.096E+00NV
418.74043798446655,+0000.096E+00NV
+0000.096E+00NV,420.30404901504517
+0000.096E+00NV,421.83399295806885
+0000.096E+00NV,423.2521228790283
424.5915427207947,+0000.096E+00NV
426.12186765670776,+0000.096E+00NV
+0000.097E+00NV,427.4733638763428
+0000.097E+00NV,428.84273767471313
+0000.097E+00NV,430.2053303718567
+0000.097E+00NV,431.57838201522827
433.15265798568726,+0000.097E+00NV
434.5920341014862,+0000.097E+00NV
+0000.097E+00NV,436.3244433403015
+0000.097E+00NV,437.7262547016144
+0000.097E+00NV,439.28177762031555
440.9426095485687,+0000.097E+00NV
442.68428564071655,+0000.098E+00NV
+0000.098E+00NV,444.13283109664917
+0000.098E+00NV,445.59211111068726
+0000.098E+00NV,447.1297199726105
448.6497986316681,+0000.098E+00NV
450.1640045642853,+0000.098E+00NV
+0000.098E+00NV,451.80397486686707
+0000.098E+00NV,453.4387605190277
+0000.098E+00NV,455.1583251953125
456.6305470466614,+0000.098E+00NV
458.1696820259094,+0000.099E+00NV
+0000.099E+00NV,460.1159017086029
+0000.099E+00NV,461.72344851493835
+0000.099E+00NV,463.38550567626953
465.0236954689026,+0000.099E+00NV
466.4011628627777,+0000.099E+00NV
+0000.099E+00NV,468.07024574279785
+0000.099E+00NV,469.47773003578186
+0000.099E+00NV,471.201860666275
472.7496774196625,+0000.100E+00NV
474.2218518257141,+0000.100E+00NV
+0000.100E+00NV,475.7235984802246
+0000.100E+00NV,477.324298620224
+0000.100E+00NV,478.9081783294678
480.60437202453613,+0000.100E+00NV
482.58335971832275,+0000.101E+00NV
484.61342310905457,+0000.101E+00NV
+0000.101E+00NV,486.3662121295929
+0000.101E+00NV,487.9242558479309
489.80266547203064,+0000.101E+00NV
491.3735382556915,+0000.101E+00NV
492.8954677581787,+0000.101E+00NV
+0000.101E+00NV,494.47914838790894
496.01342487335205,+0000.101E+00NV
497.55407190322876,+0000.102E+00NV
499.4325096607208,+0000.102E+00NV
501.0237293243408,+0000.102E+00NV
+0000.102E+00NV,502.73657727241516
504.38400173187256,+0000.102E+00NV
506.002658367157,+0000.102E+00NV
507.7561779022217,+0000.102E+00NV
509.46902418136597,+0000.102E+00NV
+0000.102E+00NV,511.14380860328674
512.8586027622223,+0000.103E+00NV
514.4401671886444,+0000.103E+00NV
+0000.103E+00NV,516.0062637329102
+0000.103E+00NV,517.4327750205994
+0000.103E+00NV,519.0206005573273
520.5416533946991,+0000.103E+00NV
522.1900615692139,+0000.103E+00NV
+0000.103E+00NV,524.1047580242157
+0000.103E+00NV,525.8807876110077
+0000.104E+00NV,527.485630273819
528.9576892852783,+0000.104E+00NV
+0000.104E+00NV,530.4556784629822
+0000.104E+00NV,532.112827539444
+0000.104E+00NV,533.721994638443
+0000.104E+00NV,535.8757123947144
537.4644446372986,+0000.104E+00NV
+0000.104E+00NV,539.0179846286774
540.7223863601685,+0000.105E+00NV
+0000.105E+00NV,542.4749417304993
544.1576535701752,+0000.105E+00NV
545.714521408081,+0000.105E+00NV
547.2529847621918,+0000.105E+00NV
549.0216426849365,+0000.105E+00NV
+0000.105E+00NV,550.7818427085876
552.7153470516205,+0000.105E+00NV
554.3933699131012,+0000.105E+00NV
+0000.106E+00NV,556.199456691742
+0000.106E+00NV,557.8033962249756
+0000.106E+00NV,559.33411860466
+0000.106E+00NV,561.0799887180328
+0000.106E+00NV,562.8027107715607
+0000.106E+00NV,564.4793996810913
+0000.106E+00NV,565.9702532291412
+0000.107E+00NV,567.712607383728
+0000.107E+00NV,569.7379112243652
+0000.107E+00NV,571.5034646987915
+0000.107E+00NV,573.4298243522644
+0000.107E+00NV,575.2297189235687
+0000.107E+00NV,576.9732780456543
+0000.107E+00NV,578.6466388702393
+0000.107E+00NV,580.7418441772461
+0000.108E+00NV,582.538284778595
584.094363451004,+0000.108E+00NV
585.9065210819244,+0000.108E+00NV
+0000.108E+00NV,587.6177935600281
+0000.108E+00NV,589.2960040569305
+0000.108E+00NV,590.9429700374603
592.9211602210999,+0000.108E+00NV
+0000.108E+00NV,594.6628475189209
+0000.108E+00NV,596.5138120651245
+0000.108E+00NV,598.1681840419769
+0000.108E+00NV,599.9763252735138
601.9284570217133,+0000.109E+00NV
603.7185835838318,+0000.109E+00NV
+0000.109E+00NV,605.7834060192108
+0000.109E+00NV,607.5488259792328
609.7453031539917,+0000.109E+00NV
611.9242258071899,+0000.109E+00NV
+0000.109E+00NV,613.9014587402344
616.1829237937927,+0000.109E+00NV
618.6375412940979,+0000.109E+00NV
621.4245448112488,+0000.110E+00NV
623.8406455516815,+0000.110E+00NV
626.3044238090515,+0000.110E+00NV
628.0788433551788,+0000.110E+00NV
630.3420786857605,+0000.110E+00NV
632.4506404399872,+0000.110E+00NV
634.351279258728,+0000.110E+00NV
636.1399140357971,+0000.110E+00NV
637.9135918617249,+0000.110E+00NV
+0000.111E+00NV,639.8491177558899
642.1697287559509,+0000.111E+00NV
644.5082068443298,+0000.111E+00NV
+0000.111E+00NV,646.6844067573547
648.9502172470093,+0000.111E+00NV
650.8413014411926,+0000.111E+00NV
652.9524240493774,+0000.111E+00NV
+0000.112E+00NV,655.2855935096741
657.2213673591614,+0000.112E+00NV
+0000.112E+00NV,659.1840853691101
+0000.112E+00NV,661.3380441665649
+0000.112E+00NV,663.1297643184662
665.2291724681854,+0000.112E+00NV
+0000.112E+00NV,667.1160984039307
+0000.112E+00NV,669.5334486961365
+0000.112E+00NV,671.8203430175781
673.705084323883,+0000.112E+00NV
+0000.112E+00NV,675.6724960803986
+0000.112E+00NV,677.5593843460083
679.473484992981,+0000.113E+00NV
681.6249287128448,+0000.113E+00NV
683.6727206707001,+0000.113E+00NV
686.0967803001404,+0000.113E+00NV
688.6420302391052,+0000.113E+00NV
690.46368932724,+0000.113E+00NV
692.6559138298035,+0000.113E+00NV
694.6885306835175,+0000.113E+00NV
696.8515222072601,+0000.113E+00NV
698.8864948749542,+0000.113E+00NV
700.7361478805542,+0000.114E+00NV
+0000.114E+00NV,702.7433605194092
704.9778263568878,+0000.114E+00NV
707.030992269516,+0000.114E+00NV
708.9697370529175,+0000.114E+00NV
+0000.114E+00NV,711.8743813037872
713.8269331455231,+0000.114E+00NV
715.7720191478729,+0000.114E+00NV
+0000.114E+00NV,718.4079623222351
720.4441814422607,+0000.114E+00NV
722.8121068477631,+0000.114E+00NV
724.5899496078491,+0000.114E+00NV
726.632969379425,+0000.115E+00NV
728.7557096481323,+0000.115E+00NV
730.9374945163727,+0000.115E+00NV
733.5634090900421,+0000.115E+00NV
736.3783223628998,+0000.115E+00NV
738.807742357254,+0000.115E+00NV
741.726958990097,+0000.115E+00NV
744.4221067428589,+0000.115E+00NV
746.7090816497803,+0000.115E+00NV
749.2582640647888,+0000.116E+00NV
751.7852725982666,+0000.116E+00NV
754.1227126121521,+0000.116E+00NV
756.7335915565491,+0000.116E+00NV
759.2037193775177,+0000.116E+00NV
761.7913210391998,+0000.116E+00NV
764.4986584186554,+0000.116E+00NV
766.7431678771973,+0000.116E+00NV
768.7637176513672,+0000.117E+00NV
770.7529151439667,+0000.117E+00NV
772.7349517345428,+0000.117E+00NV
+0000.117E+00NV,774.9667491912842
776.8395617008209,+0000.117E+00NV
778.8097722530365,+0000.117E+00NV
+0000.118E+00NV,781.3614847660065
+0000.118E+00NV,783.9941408634186
+0000.118E+00NV,785.9363031387329
+0000.118E+00NV,787.9705681800842
+0000.118E+00NV,790.1283662319183
+0000.118E+00NV,791.9746644496918
793.9372706413269,+0000.119E+00NV
795.8046236038208,+0000.119E+00NV
+0000.119E+00NV,797.8613290786743
+0000.119E+00NV,799.7552070617676
801.6123864650726,+0000.119E+00NV
803.3528950214386,+0000.120E+00NV
805.5383591651917,+0000.120E+00NV
+0000.120E+00NV,807.5833716392517
809.6573858261108,+0000.120E+00NV
811.5746538639069,+0000.120E+00NV
813.5895612239838,+0000.120E+00NV
+0000.120E+00NV,815.7412321567535
817.7420468330383,+0000.121E+00NV
+0000.121E+00NV,820.0117666721344
+0000.121E+00NV,822.1371054649353
824.0904321670532,+0000.121E+00NV
+0000.121E+00NV,826.5548479557037
+0000.121E+00NV,829.1112735271454
+0000.121E+00NV,831.0788910388947
833.1116693019867,+0000.121E+00NV
+0000.121E+00NV,835.2306723594666
+0000.121E+00NV,837.1147222518921
+0000.121E+00NV,839.0990271568298
840.9202411174774,+0000.122E+00NV
+0000.122E+00NV,842.8560116291046
+0000.122E+00NV,845.0467112064362
+0000.122E+00NV,846.9879319667816
848.86084151268,+0000.122E+00NV
+0000.122E+00NV,850.9346606731415
+0000.122E+00NV,852.9429018497467
+0000.122E+00NV,854.7670855522156
856.6327919960022,+0000.122E+00NV
+0000.122E+00NV,858.6594460010529
+0000.122E+00NV,860.8385701179504
+0000.122E+00NV,862.9049952030182
864.8913397789001,+0000.122E+00NV
+0000.122E+00NV,866.8840868473053
+0000.122E+00NV,868.8647973537445
+0000.122E+00NV,870.7307436466217
872.8128039836884,+0000.122E+00NV
+0000.122E+00NV,874.7020618915558
+0000.122E+00NV,876.5035841464996
+0000.123E+00NV,878.3909771442413
880.4766314029694,+0000.123E+00NV
882.5678696632385,+0000.123E+00NV
884.686304807663,+0000.123E+00NV
+0000.123E+00NV,886.4804759025574
888.5429439544678,+0000.123E+00NV
890.7344725131989,+0000.123E+00NV
893.2039635181427,+0000.123E+00NV
+0000.123E+00NV,895.062742471695
896.9056556224823,+0000.123E+00NV
898.9498314857483,+0000.123E+00NV
900.9923765659332,+0000.123E+00NV
+0000.123E+00NV,902.9690833091736
905.0598361492157,+0000.123E+00NV
906.9387691020966,+0000.123E+00NV
908.9101176261902,+0000.123E+00NV
+0000.123E+00NV,911.3268976211548
913.1016871929169,+0000.123E+00NV
915.0286686420441,+0000.123E+00NV
+0000.123E+00NV,917.1635010242462
+0000.123E+00NV,919.006162405014
921.0363454818726,+0000.123E+00NV
+0000.124E+00NV,922.9754047393799
+0000.124E+00NV,925.0170438289642
+0000.124E+00NV,927.6911504268646
929.5719451904297,+0000.124E+00NV
+0000.124E+00NV,931.6377353668213
+0000.124E+00NV,933.7547399997711
+0000.124E+00NV,935.6894536018372
937.7477118968964,+0000.124E+00NV
+0000.124E+00NV,940.2092711925507
+0000.124E+00NV,942.5544526576996
944.6066703796387,+0000.124E+00NV
946.5551910400391,+0000.124E+00NV
+0000.124E+00NV,948.7988901138306
+0000.124E+00NV,951.0330672264099
952.9478011131287,+0000.124E+00NV
+0000.124E+00NV,955.0778374671936
+0000.124E+00NV,957.1722581386566
+0000.124E+00NV,959.4513244628906
961.4803926944733,+0000.124E+00NV
+0000.124E+00NV,963.3658638000488
+0000.124E+00NV,965.2746193408966
+0000.124E+00NV,967.3990197181702
969.4453830718994,+0000.124E+00NV
+0000.124E+00NV,971.4930944442749
+0000.124E+00NV,973.6077246665955
+0000.125E+00NV,975.5859560966492
977.628701210022,+0000.125E+00NV
+0000.125E+00NV,979.5149450302124
+0000.125E+00NV,981.6189241409302
+0000.125E+00NV,983.6319768428802
985.7682094573975,+0000.125E+00NV
+0000.125E+00NV,987.7115910053253
+0000.125E+00NV,989.8311202526093
992.599466085434,+0000.125E+00NV
+0000.125E+00NV,995.0226066112518
+0000.125E+00NV,996.9917874336243
+0000.125E+00NV,999.019984960556
1001.2682693004608,+0000.125E+00NV
+0000.126E+00NV,1003.4268445968628
+0000.126E+00NV,1005.4769930839539
+0000.126E+00NV,1007.416401386261
+0000.126E+00NV,1009.7947664260864
+0000.126E+00NV,1011.912727355957
+0000.126E+00NV,1013.995462179184
1016.2100369930267,+0000.126E+00NV
+0000.126E+00NV,1018.2136766910553
+0000.126E+00NV,1020.3167531490326
+0000.126E+00NV,1022.3483102321625
1024.370684146881,+0000.126E+00NV
+0000.126E+00NV,1026.1927931308746
+0000.126E+00NV,1028.337055683136
+0000.126E+00NV,1030.4449632167816
1032.742050409317,+0000.126E+00NV
+0000.127E+00NV,1034.944275856018
+0000.127E+00NV,1036.8738605976105
+0000.127E+00NV,1039.0335595607758
1040.993072271347,+0000.127E+00NV
+0000.127E+00NV,1043.449450969696
+0000.127E+00NV,1045.5764310359955
+0000.127E+00NV,1047.6695520877838
1049.872903585434,+0000.127E+00NV
+0000.127E+00NV,1051.8758206367493
+0000.127E+00NV,1054.0387222766876
1056.1006932258606,+0000.127E+00NV
+0000.127E+00NV,1058.3704447746277
+0000.127E+00NV,1060.7232410907745
+0000.128E+00NV,1062.6707413196564
+0000.128E+00NV,1064.7745835781097
+0000.128E+00NV,1066.8504011631012
+0000.128E+00NV,1068.826777458191
+0000.128E+00NV,1070.9876697063446
+0000.128E+00NV,1073.7908868789673
+0000.128E+00NV,1075.998426914215
+0000.128E+00NV,1078.297534942627
+0000.128E+00NV,1080.2568378448486
+0000.128E+00NV,1083.1040079593658
+0000.128E+00NV,1085.0781700611115
+0000.128E+00NV,1086.9380004405975
+0000.128E+00NV,1089.63583278656
+0000.128E+00NV,1091.6638345718384
1093.7545893192291,+0000.129E+00NV
1096.0676271915436,+0000.129E+00NV
1098.1197316646576,+0000.129E+00NV
1100.2794678211212,+0000.129E+00NV
+0000.129E+00NV,1102.5374705791473
1104.5030567646027,+0000.129E+00NV
1107.0540556907654,+0000.129E+00NV
1109.144054889679,+0000.129E+00NV
+0000.129E+00NV,1111.5318236351013
1113.5766897201538,+0000.129E+00NV
1115.6589195728302,+0000.129E+00NV
1117.5467717647552,+0000.129E+00NV
1120.0358319282532,+0000.129E+00NV
1122.1562757492065,+0000.129E+00NV
1124.2921223640442,+0000.129E+00NV
+0000.129E+00NV,1126.4805393218994
1128.7608230113983,+0000.129E+00NV
1131.0581398010254,+0000.129E+00NV
1133.0994036197662,+0000.129E+00NV
+0000.129E+00NV,1135.3227846622467
1137.5681343078613,+0000.129E+00NV
1139.5937333106995,+0000.129E+00NV
1141.596092224121,+0000.129E+00NV
+0000.129E+00NV,1143.8211586475372
1146.045580148697,+0000.130E+00NV
1148.1501805782318,+0000.130E+00NV
+0000.130E+00NV,1150.4192135334015
1152.4948132038116,+0000.130E+00NV
1155.296574831009,+0000.130E+00NV
+0000.130E+00NV,1157.437022447586
+0000.130E+00NV,1159.427386522293
1161.495899438858,+0000.130E+00NV
1163.8974213600159,+0000.130E+00NV
+0000.130E+00NV,1166.271157026291
1168.3291280269623,+0000.130E+00NV
1170.3928282260895,+0000.130E+00NV
1172.502393245697,+0000.130E+00NV
+0000.130E+00NV,1174.8080446720123
1176.8769555091858,+0000.131E+00NV
1179.0397737026215,+0000.131E+00NV
+0000.131E+00NV,1181.4267547130585
+0000.131E+00NV,1183.395560503006
1185.4135224819183,+0000.131E+00NV
1187.964690208435,+0000.131E+00NV
+0000.131E+00NV,1190.0216138362885
1192.2667927742004,+0000.131E+00NV
1194.5044133663177,+0000.131E+00NV
1196.904574394226,+0000.131E+00NV
+0000.131E+00NV,1199.0849103927612
1201.22141122818,+0000.131E+00NV
+0000.132E+00NV,1203.9037115573883
+0000.132E+00NV,1206.138765335083
+0000.132E+00NV,1208.4168224334717
+0000.132E+00NV,1210.6088843345642
+0000.132E+00NV,1212.834191083908
+0000.132E+00NV,1215.1651396751404
+0000.132E+00NV,1217.5246531963348
+0000.132E+00NV,1219.8814480304718
+0000.132E+00NV,1222.0175683498383
+0000.132E+00NV,1224.0885350704193
+0000.132E+00NV,1226.1266877651215
+0000.132E+00NV,1228.209248304367
+0000.132E+00NV,1230.367779970169
+0000.132E+00NV,1232.4514527320862
+0000.132E+00NV,1234.6194491386414
+0000.132E+00NV,1237.2134890556335
+0000.132E+00NV,1239.3959062099457
+0000.132E+00NV,1241.5738241672516
+0000.132E+00NV,1243.8743193149567
+0000.132E+00NV,1246.0868043899536
+0000.132E+00NV,1248.380457162857
+0000.132E+00NV,1250.5022222995758
1253.6674029827118,+0000.133E+00NV
1256.1850838661194,+0000.133E+00NV
1258.4667372703552,+0000.133E+00NV
1260.6639215946198,+0000.133E+00NV
+0000.133E+00NV,1263.3184518814087
1265.8299655914307,+0000.133E+00NV
1268.0117540359497,+0000.133E+00NV
1270.306030511856,+0000.133E+00NV
1272.590560913086,+0000.133E+00NV
1274.8622829914093,+0000.133E+00NV
1277.1226420402527,+0000.133E+00NV
+0000.133E+00NV,1279.5877029895782
1282.0245277881622,+0000.133E+00NV
1284.050129890442,+0000.133E+00NV
+0000.133E+00NV,1286.6184296607971
1289.0847442150116,+0000.133E+00NV
1291.4416716098785,+0000.133E+00NV
1293.6990110874176,+0000.133E+00NV
1296.1097884178162,+0000.134E+00NV
1298.2795884609222,+0000.134E+00NV
1298.8669011592865,+0000.134E+00NV
1299.4333701133728,+0000.133E+00NV
+0000.134E+00NV,1302.9360258579254
+0000.134E+00NV,1303.5322923660278
1307.3061685562134,+0000.134E+00NV
+0000.134E+00NV,1310.7526652812958
1314.6712472438812,+0000.134E+00NV
+0000.134E+00NV,1318.7008712291718
1322.5775527954102,+0000.134E+00NV
+0000.134E+00NV,1326.3816039562225
1329.802217245102,+0000.134E+00NV
1333.0547587871552,+0000.134E+00NV
1336.5526144504547,+0000.134E+00NV
1337.1987471580505,+0000.134E+00NV
+0000.135E+00NV,1341.816492319107
+0000.135E+00NV,1346.2191171646118
+0000.135E+00NV,1349.802568912506
+0000.135E+00NV,1353.613553762436
+0000.135E+00NV,1356.9336128234863
+0000.135E+00NV,1357.5183727741241
+0000.135E+00NV,1361.6881651878357
+0000.135E+00NV,1365.0686028003693
+0000.135E+00NV,1369.3707256317139
+0000.135E+00NV,1372.9037408828735
+0000.135E+00NV,1376.2705481052399
+0000.135E+00NV,1380.0466883182526
+0000.136E+00NV,1383.911462545395
1386.6984145641327,+0000.136E+00NV
1390.5033361911774,+0000.136E+00NV
1394.3489310741425,+0000.136E+00NV
1397.960603237152,+0000.136E+00NV
1401.6346530914307,+0000.136E+00NV
1404.892256975174,+0000.136E+00NV
1408.6952905654907,+0000.136E+00NV
1412.8661580085754,+0000.136E+00NV
1417.339751958847,+0000.136E+00NV
1421.5514018535614,+0000.136E+00NV
1425.0502274036407,+0000.136E+00NV
1428.279458284378,+0000.136E+00NV
+0000.136E+00NV,1431.799101114273
+0000.137E+00NV,1435.783368587494
+0000.137E+00NV,1439.277811050415
1442.9980189800262,+0000.137E+00NV
+0000.137E+00NV,1446.2861104011536
1449.606761455536,+0000.137E+00NV
+0000.137E+00NV,1453.2832524776459
1457.3998520374298,+0000.137E+00NV
+0000.137E+00NV,1460.120643377304
+0000.137E+00NV,1462.9473457336426
1465.5774910449982,+0000.137E+00NV
+0000.137E+00NV,1468.2201662063599
+0000.137E+00NV,1470.9260036945343
1473.4772181510925,+0000.137E+00NV
+0000.137E+00NV,1475.8841190338135
+0000.137E+00NV,1476.4464783668518
+0000.137E+00NV,1479.1982140541077
1481.8195352554321,+0000.138E+00NV
+0000.138E+00NV,1487.3031766414642
1489.7452929019928,+0000.138E+00NV
1492.4037868976593,+0000.138E+00NV
+0000.138E+00NV,1495.212516784668
1497.6822164058685,+0000.138E+00NV
1500.378975868225,+0000.138E+00NV
1502.7643723487854,+0000.138E+00NV
1505.2773175239563,+0000.138E+00NV
1507.7563970088959,+0000.138E+00NV
1510.2984058856964,+0000.138E+00NV
1512.6369926929474,+0000.138E+00NV
1515.0895779132843,+0000.138E+00NV
1517.4023873806,+0000.138E+00NV
+0000.138E+00NV,1519.6275379657745
1522.0894644260406,+0000.138E+00NV
1522.7209014892578,+0000.138E+00NV
1525.3015031814575,+0000.138E+00NV
+0000.138E+00NV,1527.9454007148743
1530.8371007442474,+0000.139E+00NV
+0000.139E+00NV,1533.3781876564026
+0000.139E+00NV,1535.7679924964905
1538.2518434524536,+0000.139E+00NV
1538.934422492981,+0000.139E+00NV
+0000.139E+00NV,1541.5076088905334
+0000.139E+00NV,1543.9600439071655
1544.5337908267975,+0000.139E+00NV
1545.2162647247314,+0000.139E+00NV
1547.551783323288,+0000.139E+00NV
+0000.139E+00NV,1549.7240455150604
1552.4061834812164,+0000.139E+00NV
1555.096254825592,+0000.139E+00NV
+0000.139E+00NV,1557.4496808052063
1560.1409509181976,+0000.139E+00NV
1562.8000211715698,+0000.139E+00NV
+0000.139E+00NV,1565.0436091423035
+0000.139E+00NV,1567.7494449615479
1570.0213689804077,+0000.139E+00NV
+0000.139E+00NV,1572.153802871704
+0000.139E+00NV,1574.548003435135
1576.9321730136871,+0000.139E+00NV
1579.5987787246704,+0000.140E+00NV
+0000.139E+00NV,1581.7979214191437
1584.1382455825806,+0000.140E+00NV
1586.7081129550934,+0000.140E+00NV
1589.096925020218,+0000.140E+00NV
1591.623239994049,+0000.140E+00NV
1594.21289229393,+0000.140E+00NV
1596.759120941162,+0000.140E+00NV
1599.0767531394958,+0000.140E+00NV
1601.7138438224792,+0000.140E+00NV
1604.2250940799713,+0000.140E+00NV
1606.9401309490204,+0000.140E+00NV
1609.4559185504913,+0000.140E+00NV
1611.7269160747528,+0000.140E+00NV
1614.1792035102844,+0000.140E+00NV
1616.9731686115265,+0000.140E+00NV
1619.339970588684,+0000.140E+00NV
1621.5522849559784,+0000.140E+00NV
1624.0014989376068,+0000.140E+00NV
1626.5088806152344,+0000.140E+00NV
1629.0155396461487,+0000.140E+00NV
1631.282877445221,+0000.140E+00NV
1631.9340159893036,+0000.140E+00NV
1632.5068800449371,+0000.140E+00NV
1635.3558909893036,+0000.140E+00NV
1637.6845712661743,+0000.140E+00NV
1640.127359867096,+0000.140E+00NV
1642.6743907928467,+0000.140E+00NV
1645.1500115394592,+0000.140E+00NV
1647.551637172699,+0000.140E+00NV
1650.161600112915,+0000.140E+00NV
1652.7205073833466,+0000.140E+00NV
+0000.141E+00NV,1655.5330061912537
+0000.141E+00NV,1658.086748123169
+0000.141E+00NV,1660.644210577011
+0000.141E+00NV,1663.0775029659271
1665.4954435825348,+0000.141E+00NV
+0000.141E+00NV,1666.1698110103607
+0000.141E+00NV,1668.6730585098267
+0000.141E+00NV,1671.1559343338013
+0000.141E+00NV,1671.8238897323608
1672.3935837745667,+0000.141E+00NV
1673.09099984169,+0000.141E+00NV
+0000.141E+00NV,1675.5215895175934
+0000.141E+00NV,1678.1750073432922
1680.8543708324432,+0000.141E+00NV
+0000.141E+00NV,1683.2025382518768
+0000.141E+00NV,1685.6803398132324
1688.2333629131317,+0000.141E+00NV
+0000.141E+00NV,1690.4233467578888
+0000.141E+00NV,1692.9471666812897
+0000.141E+00NV,1695.2403311729431
1697.8373470306396,+0000.141E+00NV
1698.470145702362,+0000.141E+00NV
+0000.141E+00NV,1701.1650359630585
1704.620817899704,+0000.141E+00NV
+0000.141E+00NV,1707.358474969864
+0000.141E+00NV,1710.5175757408142
1713.8245584964752,+0000.141E+00NV
+0000.142E+00NV,1716.78821849823
+0000.141E+00NV,1719.5330047607422
+0000.141E+00NV,1723.0245513916016
+0000.141E+00NV,1726.0986559391022
1729.4991126060486,+0000.141E+00NV
+0000.142E+00NV,1733.151090145111
+0000.142E+00NV,1735.5620331764221
1738.0536844730377,+0000.141E+00NV
+0000.142E+00NV,1740.6386439800262
+0000.142E+00NV,1743.9843668937683
+0000.142E+00NV,1746.496202468872
+0000.142E+00NV,1749.1208505630493
+0000.142E+00NV,1751.8109650611877
+0000.142E+00NV,1754.1810472011566
+0000.142E+00NV,1757.0405597686768
+0000.142E+00NV,1759.996206998825
+0000.142E+00NV,1762.5984408855438
+0000.142E+00NV,1765.154360294342
+0000.142E+00NV,1767.6122002601624
+0000.142E+00NV,1770.131254196167
+0000.142E+00NV,1772.687460899353
+0000.142E+00NV,1776.317748785019
+0000.142E+00NV,1778.7724194526672
+0000.142E+00NV,1781.4762036800385
+0000.142E+00NV,1784.0368087291718
+0000.142E+00NV,1786.420423746109
+0000.142E+00NV,1788.7611961364746
+0000.142E+00NV,1791.1918516159058
+0000.142E+00NV,1794.2997319698334
+0000.142E+00NV,1797.2835175991058
+0000.142E+00NV,1800.0287821292877
+0000.142E+00NV,1802.7946989536285
+0000.142E+00NV,1805.4068756103516
+0000.142E+00NV,1808.5289845466614
+0000.142E+00NV,1811.4252393245697
+0000.142E+00NV,1813.9072005748749
+0000.142E+00NV,1816.5800261497498
+0000.142E+00NV,1819.1751317977905
+0000.142E+00NV,1819.8254561424255
+0000.142E+00NV,1822.7225201129913
+0000.142E+00NV,1825.6127099990845
+0000.142E+00NV,1828.2524180412292
+0000.142E+00NV,1831.016147851944
+0000.142E+00NV,1833.8503108024597
+0000.142E+00NV,1836.6857335567474
+0000.142E+00NV,1839.3807721138
+0000.143E+00NV,1841.839516401291
+0000.143E+00NV,1842.4042754173279
+0000.143E+00NV,1845.4623017311096
1848.3495326042175,+0000.143E+00NV
+0000.143E+00NV,1851.2231454849243
+0000.143E+00NV,1853.693353652954
1856.7180025577545,+0000.143E+00NV
+0000.143E+00NV,1859.3253116607666
+0000.143E+00NV,1861.9617035388947
1864.5285003185272,+0000.143E+00NV
+0000.143E+00NV,1867.2883818149567
+0000.143E+00NV,1869.9815187454224
1872.5468909740448,+0000.143E+00NV
+0000.143E+00NV,1875.248455286026
+0000.143E+00NV,1878.106398820877
1880.756208896637,+0000.143E+00NV
1881.3900470733643,+0000.143E+00NV
+0000.143E+00NV,1884.5424053668976
+0000.143E+00NV,1887.5591478347778
+0000.143E+00NV,1890.8694450855255
+0000.143E+00NV,1893.258470773697
1896.065237045288,+0000.143E+00NV
+0000.143E+00NV,1898.8082420825958
+0000.143E+00NV,1901.4426085948944
1904.2262778282166,+0000.143E+00NV
1904.7987813949585,+0000.144E+00NV
+0000.143E+00NV,1907.9050407409668
+0000.143E+00NV,1911.1489543914795
+0000.143E+00NV,1914.3296899795532
+0000.143E+00NV,1917.471287727356
+0000.143E+00NV,1921.3144345283508
+0000.144E+00NV,1926.3136131763458
1930.8060293197632,+0000.144E+00NV
+0000.144E+00NV,1934.4759712219238
1938.1155893802643,+0000.144E+00NV
+0000.144E+00NV,1942.404693365097
1946.1355860233307,+0000.144E+00NV
+0000.144E+00NV,1950.2872731685638
1954.354843378067,+0000.144E+00NV
+0000.144E+00NV,1958.6149644851685
1961.9823653697968,+0000.144E+00NV
+0000.144E+00NV,1965.6809585094452
1970.2667617797852,+0000.144E+00NV
+0000.144E+00NV,1975.1388590335846
+0000.144E+00NV,1979.4261145591736
+0000.144E+00NV,1983.630068063736
+0000.144E+00NV,1987.9997432231903
1992.2291288375854,+0000.144E+00NV
+0000.144E+00NV,1995.9674186706543
+0000.144E+00NV,1999.9489107131958
+0000.144E+00NV,2003.2727608680725
+0000.144E+00NV,2007.7075021266937
+0000.144E+00NV,2011.6652624607086
2016.083874464035,+0000.145E+00NV
2020.157405614853,+0000.145E+00NV
2025.2079379558563,+0000.145E+00NV
2030.3823931217194,+0000.145E+00NV
2036.5333986282349,+0000.145E+00NV
2041.9537754058838,+0000.145E+00NV
2046.818297624588,+0000.145E+00NV
2051.3555011749268,+0000.145E+00NV
2055.8421301841736,+0000.145E+00NV
2060.406358718872,+0000.145E+00NV
2064.864815711975,+0000.145E+00NV
2069.7049255371094,+0000.145E+00NV
2074.709717273712,+0000.145E+00NV
2079.703604221344,+0000.145E+00NV
2085.5117280483246,+0000.145E+00NV
2090.81191778183,+0000.145E+00NV
2095.402561187744,+0000.145E+00NV
2100.5420429706573,+0000.145E+00NV
2105.709541082382,+0000.145E+00NV
2110.657060623169,+0000.145E+00NV
2115.760890722275,+0000.145E+00NV
2120.65545630455,+0000.145E+00NV
2125.890967607498,+0000.145E+00NV
2131.110326766968,+0000.145E+00NV
2135.8193168640137,+0000.145E+00NV
2141.3268723487854,+0000.145E+00NV
2146.1855297088623,+0000.145E+00NV
2150.7123742103577,+0000.145E+00NV
+0000.146E+00NV,2155.785566329956
2160.5950059890747,+0000.146E+00NV
+0000.146E+00NV,2165.753829240799
+0000.146E+00NV,2171.316888809204
2176.4474239349365,+0000.146E+00NV
2177.0384786129,+0000.146E+00NV
+0000.146E+00NV,2181.998587369919
+0000.146E+00NV,2186.278211593628
+0000.146E+00NV,2186.8622436523438
+0000.146E+00NV,2190.612458705902
+0000.146E+00NV,2194.3196153640747
+0000.146E+00NV,2197.684151172638
2201.073877811432,+0000.146E+00NV
+0000.146E+00NV,2204.478931427002
+0000.146E+00NV,2207.540174484253
+0000.146E+00NV,2211.16912484169
+0000.146E+00NV,2214.507204771042
2217.6315302848816,+0000.146E+00NV
+0000.146E+00NV,2221.5365538597107
2224.4713320732117,+0000.146E+00NV
+0000.146E+00NV,2228.185181617737
+0000.146E+00NV,2231.6405556201935
2234.836685180664,+0000.146E+00NV
+0000.146E+00NV,2238.060468196869
2242.0238361358643,+0000.146E+00NV
+0000.146E+00NV,2245.370195865631
2248.714705467224,+0000.146E+00NV
+0000.146E+00NV,2251.8329429626465
+0000.146E+00NV,2254.8481640815735
2258.936683177948,+0000.146E+00NV
+0000.146E+00NV,2262.2144808769226
2265.821618795395,+0000.146E+00NV
+0000.146E+00NV,2268.975054502487
2272.831817626953,+0000.146E+00NV
+0000.146E+00NV,2276.8032619953156
2280.053420305252,+0000.146E+00NV
2284.8114750385284,+0000.147E+00NV
2288.2819168567657,+0000.147E+00NV
2292.042000055313,+0000.147E+00NV
+0000.147E+00NV,2294.9902997016907
2298.4800069332123,+0000.147E+00NV
2301.5641140937805,+0000.147E+00NV
2304.387393951416,+0000.147E+00NV
2307.597841501236,+0000.147E+00NV
+0000.147E+00NV,2310.561586380005
2314.0505859851837,+0000.147E+00NV
2317.4021184444427,+0000.147E+00NV
2320.752310037613,+0000.147E+00NV
2324.386762857437,+0000.147E+00NV
+0000.147E+00NV,2327.5615870952606
2331.5313692092896,+0000.147E+00NV
+0000.147E+00NV,2334.4050092697144
2337.834053516388,+0000.147E+00NV
2340.959963798523,+0000.147E+00NV
2344.2921261787415,+0000.147E+00NV
2347.2193739414215,+0000.147E+00NV
+0000.147E+00NV,2350.0944197177887
2353.323768377304,+0000.147E+00NV
2357.2476217746735,+0000.147E+00NV
2360.3304517269135,+0000.147E+00NV
2363.341835975647,+0000.147E+00NV
+0000.147E+00NV,2366.919525384903
2370.2138135433197,+0000.147E+00NV
2373.887374639511,+0000.147E+00NV
2376.7405784130096,+0000.147E+00NV
2379.9322879314423,+0000.147E+00NV
+0000.147E+00NV,2383.1786892414093
2386.346930027008,+0000.147E+00NV
+0000.147E+00NV,2390.088172197342
2393.5433535575867,+0000.147E+00NV
2396.7340230941772,+0000.147E+00NV
+0000.147E+00NV,2399.672389268875
2403.173633337021,+0000.147E+00NV
+0000.147E+00NV,2406.9191555976868
2410.536952495575,+0000.147E+00NV
+0000.147E+00NV,2414.0689492225647
2417.5008687973022,+0000.147E+00NV
2420.652190923691,+0000.147E+00NV
2424.4539391994476,+0000.147E+00NV
+0000.148E+00NV,2427.7250521183014
+0000.148E+00NV,2430.722409963608
+0000.148E+00NV,2433.669521331787
+0000.148E+00NV,2436.9028346538544
2440.579840660095,+0000.148E+00NV
+0000.148E+00NV,2443.701738357544
+0000.148E+00NV,2447.057836532593
+0000.148E+00NV,2450.1468544006348
+0000.148E+00NV,2454.0897789001465
+0000.148E+00NV,2458.582902908325
+0000.148E+00NV,2462.5242009162903
+0000.148E+00NV,2465.7478919029236
+0000.148E+00NV,2468.6827998161316
2472.0649251937866,+0000.148E+00NV
+0000.148E+00NV,2475.5443952083588
+0000.148E+00NV,2479.1026878356934
+0000.148E+00NV,2482.29328584671
+0000.148E+00NV,2485.5780000686646
+0000.148E+00NV,2489.452300310135
+0000.148E+00NV,2492.587413549423
+0000.148E+00NV,2495.802069425583
+0000.148E+00NV,2499.353317260742
+0000.148E+00NV,2502.672903776169
+0000.148E+00NV,2506.583134174347
+0000.148E+00NV,2510.275850534439
+0000.148E+00NV,2513.4618034362793
+0000.148E+00NV,2516.97136425972
+0000.148E+00NV,2519.7630178928375
+0000.149E+00NV,2523.923368692398
+0000.148E+00NV,2527.1465933322906
+0000.148E+00NV,2530.9102132320404
+0000.149E+00NV,2534.218793153763
+0000.149E+00NV,2537.427051305771
+0000.149E+00NV,2541.0254213809967
+0000.149E+00NV,2544.098953485489
+0000.149E+00NV,2547.526783466339
+0000.149E+00NV,2550.5817029476166
+0000.149E+00NV,2553.57573223114
+0000.149E+00NV,2557.5251698493958
+0000.149E+00NV,2560.967658996582
+0000.149E+00NV,2563.9768450260162
+0000.149E+00NV,2567.5504977703094
+0000.149E+00NV,2570.7204315662384
+0000.149E+00NV,2573.7513897418976
+0000.149E+00NV,2576.739631652832
+0000.149E+00NV,2579.7918105125427
+0000.149E+00NV,2583.7569196224213
+0000.149E+00NV,2587.220153093338
+0000.149E+00NV,2591.453047990799
+0000.149E+00NV,2594.842784643173
+0000.149E+00NV,2598.288980960846
+0000.149E+00NV,2601.894294023514
+0000.149E+00NV,2605.7358169555664
+0000.149E+00NV,2609.010261774063
+0000.149E+00NV,2612.3770790100098
+0000.149E+00NV,2615.671709060669
+0000.149E+00NV,2619.4967839717865
+0000.149E+00NV,2622.997273206711
+0000.149E+00NV,2626.3111045360565
+0000.149E+00NV,2629.7095625400543
+0000.149E+00NV,2633.3227734565735
+0000.149E+00NV,2638.4505031108856
+0000.149E+00NV,2641.904626607895
+0000.150E+00NV,2645.331533432007
+0000.149E+00NV,2648.690685033798
+0000.149E+00NV,2652.2662904262543
+0000.150E+00NV,2655.613425731659
+0000.150E+00NV,2659.225972890854
+0000.149E+00NV,2662.748389005661
+0000.150E+00NV,2666.056933403015
+0000.150E+00NV,2669.595983982086
+0000.149E+00NV,2673.3029520511627
+0000.150E+00NV,2676.962630748749
+0000.150E+00NV,2680.1796107292175
+0000.150E+00NV,2683.3428881168365
+0000.150E+00NV,2687.0764372348785
+0000.150E+00NV,2691.0311551094055
+0000.150E+00NV,2694.6348009109497
+0000.150E+00NV,2698.0467641353607
+0000.150E+00NV,2700.989248275757
+0000.150E+00NV,2705.309206008911
+0000.150E+00NV,2708.802218914032
+0000.150E+00NV,2713.078091621399
+0000.150E+00NV,2716.4578759670258
+0000.150E+00NV,2720.177244901657
+0000.150E+00NV,2723.639894723892
+0000.150E+00NV,2727.451714515686
+0000.150E+00NV,2730.9907722473145
+0000.150E+00NV,2734.18701505661
+0000.150E+00NV,2737.86234998703
+0000.150E+00NV,2741.471871137619
+0000.150E+00NV,2744.905102491379
+0000.150E+00NV,2748.202643632889
+0000.150E+00NV,2751.8573772907257
+0000.150E+00NV,2755.8326230049133
+0000.150E+00NV,2759.3623247146606
+0000.150E+00NV,2763.1404922008514
+0000.150E+00NV,2767.9592151641846
+0000.150E+00NV,2773.1060333251953
+0000.150E+00NV,2777.990633249283
+0000.150E+00NV,2782.0353310108185
+0000.150E+00NV,2786.490005970001
+0000.150E+00NV,2790.3453447818756
+0000.150E+00NV,2793.8755991458893
+0000.150E+00NV,2797.3358297348022
+0000.150E+00NV,2801.630617618561
+0000.150E+00NV,2805.4570696353912
+0000.150E+00NV,2808.9248554706573
+0000.150E+00NV,2812.7772164344788
+0000.150E+00NV,2816.236432313919
+0000.150E+00NV,2819.7620072364807
+0000.150E+00NV,2822.9884765148163
+0000.150E+00NV,2826.3907237052917
+0000.150E+00NV,2830.194118976593
+0000.150E+00NV,2833.7061190605164
+0000.150E+00NV,2837.6194446086884
+0000.150E+00NV,2841.4774363040924
+0000.150E+00NV,2844.8519842624664
+0000.150E+00NV,2848.093938589096
+0000.150E+00NV,2851.5581514835358
+0000.151E+00NV,2855.4263639450073
2858.4747309684753,+0000.151E+00NV
2862.395491361618,+0000.151E+00NV
2866.0260152816772,+0000.151E+00NV
2870.5541644096375,+0000.151E+00NV
2874.3827567100525,+0000.151E+00NV
2877.9942450523376,+0000.151E+00NV
2881.8513169288635,+0000.151E+00NV
2886.9910724163055,+0000.151E+00NV
2890.7425775527954,+0000.151E+00NV
2894.3360826969147,+0000.151E+00NV
2897.7429258823395,+0000.151E+00NV
2901.0630152225494,+0000.151E+00NV
2904.9983236789703,+0000.151E+00NV
2908.8868403434753,+0000.151E+00NV
2912.624512910843,+0000.151E+00NV
2916.085235118866,+0000.151E+00NV
2920.2063343524933,+0000.151E+00NV
2923.6020374298096,+0000.151E+00NV
+0000.151E+00NV,2927.2929725646973
2930.9546105861664,+0000.151E+00NV
2934.921151638031,+0000.151E+00NV
2938.5639023780823,+0000.151E+00NV
2941.682056427002,+0000.151E+00NV
2945.4732670783997,+0000.151E+00NV
2949.013320684433,+0000.151E+00NV
2952.6436603069305,+0000.151E+00NV
2955.921202659607,+0000.151E+00NV
+0000.151E+00NV,2959.655445098877
2963.3072230815887,+0000.152E+00NV
2966.8529493808746,+0000.152E+00NV
2970.8894741535187,+0000.152E+00NV
2974.534425020218,+0000.152E+00NV
2978.319467306137,+0000.152E+00NV
2982.1152708530426,+0000.152E+00NV
2986.3312673568726,+0000.152E+00NV
2990.241260290146,+0000.152E+00NV
2993.9983944892883,+0000.152E+00NV
2997.9727499485016,+0000.152E+00NV
3002.052201271057,+0000.152E+00NV
3005.473686695099,+0000.152E+00NV
3008.978285551071,+0000.152E+00NV
3013.0879328250885,+0000.152E+00NV
3016.7265861034393,+0000.152E+00NV
3020.6502039432526,+0000.152E+00NV
3024.6125462055206,+0000.152E+00NV
3028.728247642517,+0000.152E+00NV
3032.9503440856934,+0000.152E+00NV
3037.1185512542725,+0000.152E+00NV
3041.3378977775574,+0000.152E+00NV
3045.098961830139,+0000.152E+00NV
3048.646942138672,+0000.152E+00NV
3051.729135274887,+0000.152E+00NV
+0000.152E+00NV,3055.2431347370148
3059.1015150547028,+0000.152E+00NV
3062.7290699481964,+0000.152E+00NV
3066.9202280044556,+0000.152E+00NV
3070.9979388713837,+0000.152E+00NV
3074.6945292949677,+0000.152E+00NV
+0000.153E+00NV,3078.025097131729
3082.1159620285034,+0000.153E+00NV
+0000.153E+00NV,3086.1653916835785
3090.07204914093,+0000.153E+00NV
+0000.153E+00NV,3093.9289712905884
3097.8699514865875,+0000.153E+00NV
+0000.153E+00NV,3102.106132030487
3106.0889632701874,+0000.153E+00NV
+0000.153E+00NV,3110.0487926006317
3113.693907260895,+0000.153E+00NV
+0000.153E+00NV,3118.170534133911
3121.6342992782593,+0000.153E+00NV
+0000.153E+00NV,3125.9778282642365
3129.801658153534,+0000.153E+00NV
+0000.153E+00NV,3134.2625753879547
3137.909620285034,+0000.153E+00NV
+0000.153E+00NV,3142.1673259735107
3146.010351896286,+0000.153E+00NV
+0000.153E+00NV,3150.68044757843
3154.259302854538,+0000.153E+00NV
+0000.153E+00NV,3157.6778337955475
3162.0789749622345,+0000.153E+00NV
+0000.153E+00NV,3165.8574073314667
3169.704836845398,+0000.153E+00NV
+0000.153E+00NV,3173.57053399086
3177.054399251938,+0000.153E+00NV
+0000.153E+00NV,3180.454882144928
3184.4399740695953,+0000.153E+00NV
3187.9957444667816,+0000.153E+00NV
3192.035042285919,+0000.153E+00NV
+0000.153E+00NV,3196.221462726593
3200.298645734787,+0000.153E+00NV
+0000.153E+00NV,3203.9834744930267
+0000.153E+00NV,3207.4962368011475
+0000.154E+00NV,3211.5085813999176
+0000.154E+00NV,3215.810545682907
+0000.154E+00NV,3219.5797493457794
+0000.154E+00NV,3223.2962889671326
+0000.154E+00NV,3227.7195720672607
3232.375115633011,+0000.154E+00NV
+0000.154E+00NV,3236.362122297287
3240.294298887253,+0000.154E+00NV
+0000.154E+00NV,3244.064935207367
+0000.154E+00NV,3247.920414686203
+0000.154E+00NV,3251.7372484207153
+0000.154E+00NV,3255.5588488578796
+0000.154E+00NV,3259.1837117671967
+0000.154E+00NV,3263.165467739105
+0000.154E+00NV,3267.3707373142242
+0000.154E+00NV,3271.0984568595886
+0000.154E+00NV,3275.019750356674
+0000.154E+00NV,3278.667079925537
3282.971897125244,+0000.154E+00NV
+0000.154E+00NV,3286.693242788315
3290.6924290657043,+0000.154E+00NV
+0000.154E+00NV,3294.1899013519287
3298.3405430316925,+0000.154E+00NV
+0000.154E+00NV,3302.178056001663
3305.809197664261,+0000.154E+00NV
+0000.154E+00NV,3309.3593826293945
3312.941809654236,+0000.154E+00NV
+0000.154E+00NV,3316.8030767440796
3320.451377391815,+0000.155E+00NV
3324.1668763160706,+0000.155E+00NV
+0000.155E+00NV,3327.903826236725
3332.102451324463,+0000.155E+00NV
3336.134912252426,+0000.155E+00NV
3340.0753090381622,+0000.155E+00NV
3344.6414177417755,+0000.155E+00NV
3348.6390550136566,+0000.155E+00NV
3352.010543823242,+0000.155E+00NV
3355.9449632167816,+0000.155E+00NV
3360.0372366905212,+0000.155E+00NV
3364.7034101486206,+0000.155E+00NV
3368.0995421409607,+0000.155E+00NV
3372.527125597,+0000.155E+00NV
3376.269719839096,+0000.155E+00NV
3380.4454786777496,+0000.155E+00NV
3384.4835166931152,+0000.155E+00NV
3388.386341571808,+0000.155E+00NV
3392.1800360679626,+0000.155E+00NV
3396.8978712558746,+0000.155E+00NV
3400.8401622772217,+0000.155E+00NV
3404.5992102622986,+0000.155E+00NV
3408.873505115509,+0000.155E+00NV
3413.4267268180847,+0000.155E+00NV
3417.4908063411713,+0000.155E+00NV
3422.343957424164,+0000.155E+00NV
3426.930801153183,+0000.155E+00NV
+0000.155E+00NV,3431.3648047447205
3435.7455027103424,+0000.155E+00NV
+0000.155E+00NV,3439.4082968235016
3443.495165348053,+0000.155E+00NV
3448.232390165329,+0000.155E+00NV
3452.891952753067,+0000.155E+00NV
3456.6639244556427,+0000.155E+00NV
3460.707720041275,+0000.155E+00NV
3465.4785108566284,+0000.155E+00NV
3469.933031797409,+0000.155E+00NV
3473.9214351177216,+0000.155E+00NV
3478.4034559726715,+0000.155E+00NV
3482.3199825286865,+0000.155E+00NV
3486.3367002010345,+0000.155E+00NV
3490.2361092567444,+0000.155E+00NV
3494.250437259674,+0000.155E+00NV
3499.0007915496826,+0000.155E+00NV
+0000.155E+00NV,3503.677370786667
3507.5798807144165,+0000.155E+00NV
+0000.155E+00NV,3511.204668521881
3515.9569051265717,+0000.155E+00NV
+0000.155E+00NV,3519.7792885303497
3523.7306818962097,+0000.155E+00NV
3528.0506682395935,+0000.155E+00NV
3531.989700317383,+0000.155E+00NV
3536.2765924930573,+0000.156E+00NV
3539.796795129776,+0000.156E+00NV
3543.701390028,+0000.156E+00NV
3547.790565252304,+0000.156E+00NV
3551.5976321697235,+0000.156E+00NV
3555.299795150757,+0000.156E+00NV
3558.98704457283,+0000.156E+00NV
3563.1541612148285,+0000.156E+00NV
3568.425442457199,+0000.156E+00NV
3569.010159254074,+0000.156E+00NV
3575.4409918785095,+0000.156E+00NV
3582.487040042877,+0000.156E+00NV
3588.961050271988,+0000.156E+00NV
3595.0530002117157,+0000.156E+00NV
3601.4714827537537,+0000.156E+00NV
3607.7848732471466,+0000.156E+00NV
3615.1061782836914,+0000.156E+00NV
3621.175193786621,+0000.156E+00NV
3627.5135288238525,+0000.156E+00NV
3633.2974433898926,+0000.156E+00NV
3639.133912086487,+0000.156E+00NV
3645.2576937675476,+0000.156E+00NV
3651.465160369873,+0000.156E+00NV
3657.622817993164,+0000.156E+00NV
3663.7436740398407,+0000.156E+00NV
3669.708877325058,+0000.156E+00NV
3675.598364830017,+0000.156E+00NV
3681.8537979125977,+0000.156E+00NV
3687.853327035904,+0000.156E+00NV
3693.73481631279,+0000.156E+00NV
3699.759655237198,+0000.156E+00NV
3705.6185352802277,+0000.156E+00NV
3711.529867172241,+0000.156E+00NV
3717.307416200638,+0000.156E+00NV
3723.16024851799,+0000.156E+00NV
3729.7579708099365,+0000.156E+00NV
3735.6817905902863,+0000.156E+00NV
+0000.157E+00NV,3741.699516057968
+0000.157E+00NV,3748.336390018463
+0000.157E+00NV,3754.3505985736847
+0000.157E+00NV,3760.5763297080994
+0000.157E+00NV,3766.8259196281433
+0000.157E+00NV,3773.514483690262
+0000.157E+00NV,3780.903151035309
+0000.157E+00NV,3788.435187101364
+0000.157E+00NV,3795.7874755859375
+0000.157E+00NV,3801.6569838523865
+0000.157E+00NV,3808.4978852272034
+0000.157E+00NV,3815.3440284729004
+0000.157E+00NV,3822.1466093063354
+0000.157E+00NV,3829.1240270137787
+0000.157E+00NV,3836.6171357631683
+0000.157E+00NV,3844.121621608734
+0000.157E+00NV,3851.826059818268
+0000.157E+00NV,3857.9093923568726
+0000.157E+00NV,3862.940485239029
+0000.157E+00NV,3869.195579767227
+0000.157E+00NV,3874.672853946686
+0000.157E+00NV,3881.7101571559906
+0000.157E+00NV,3888.7820479869843
+0000.157E+00NV,3895.0592782497406
3901.9278466701508,+0000.158E+00NV
3909.298329114914,+0000.158E+00NV
3915.4646611213684,+0000.158E+00NV
3921.2860906124115,+0000.158E+00NV
+0000.158E+00NV,3927.8919591903687
+0000.158E+00NV,3935.0685544013977
3941.7792584896088,+0000.158E+00NV
3947.0385189056396,+0000.158E+00NV
3952.3568987846375,+0000.158E+00NV
3957.7009942531586,+0000.158E+00NV
3963.052084684372,+0000.158E+00NV
3970.0362780094147,+0000.158E+00NV
+0000.158E+00NV,3975.1167504787445
3979.454367876053,+0000.158E+00NV
3982.9328825473785,+0000.158E+00NV
3986.6194038391113,+0000.158E+00NV
+0000.159E+00NV,3990.4920151233673
3994.399099111557,+0000.158E+00NV
+0000.159E+00NV,3998.1623470783234
4002.0723955631256,+0000.158E+00NV
4002.639642238617,+0000.158E+00NV
4005.884950876236,+0000.158E+00NV
4009.115816116333,+0000.158E+00NV
4012.5572810173035,+0000.158E+00NV
4016.333444595337,+0000.158E+00NV
+0000.159E+00NV,4019.617705821991
+0000.159E+00NV,4022.8925325870514
4026.4624741077423,+0000.159E+00NV
+0000.159E+00NV,4030.1982226371765
4034.0121777057648,+0000.159E+00NV
+0000.159E+00NV,4037.8485283851624
+0000.159E+00NV,4038.4875559806824
+0000.159E+00NV,4043.683851003647
+0000.159E+00NV,4051.8900966644287
+0000.159E+00NV,4052.4903559684753
+0000.159E+00NV,4059.1066138744354
4065.276449203491,+0000.159E+00NV
+0000.159E+00NV,4070.324619293213
+0000.159E+00NV,4076.1477675437927
+0000.159E+00NV,4082.2992718219757
4088.4764239788055,+0000.159E+00NV
+0000.159E+00NV,4094.057796239853
+0000.159E+00NV,4099.265838623047
4104.421275615692,+0000.159E+00NV
+0000.159E+00NV,4110.287752389908
+0000.159E+00NV,4116.236095905304
4121.623849868774,+0000.159E+00NV
+0000.159E+00NV,4127.278507709503
+0000.159E+00NV,4132.869087457657
+0000.159E+00NV,4139.316079378128
4145.015666723251,+0000.159E+00NV
+0000.159E+00NV,4150.319459676743
+0000.159E+00NV,4155.2267525196075
4161.267055988312,+0000.159E+00NV
+0000.159E+00NV,4166.39041686058
+0000.159E+00NV,4171.510457754135
+0000.159E+00NV,4178.937441825867
+0000.159E+00NV,4186.481129407883
4192.491059064865,+0000.159E+00NV
+0000.159E+00NV,4197.148907661438
+0000.159E+00NV,4202.651325464249
4208.825040102005,+0000.159E+00NV
+0000.159E+00NV,4214.433931827545
+0000.159E+00NV,4220.582877159119
+0000.159E+00NV,4226.973905324936
4232.8424525260925,+0000.159E+00NV
+0000.159E+00NV,4239.126119375229
+0000.159E+00NV,4247.323529243469
+0000.159E+00NV,4254.463158369064
+0000.159E+00NV,4261.752975940704
+0000.159E+00NV,4267.816894769669
4274.850491285324,+0000.159E+00NV
+0000.159E+00NV,4283.409838438034
+0000.159E+00NV,4291.384116411209
+0000.159E+00NV,4299.347776174545
4306.110793590546,+0000.159E+00NV
4313.186948776245,+0000.159E+00NV
+0000.159E+00NV,4319.610171794891
+0000.159E+00NV,4326.139344453812
+0000.159E+00NV,4333.142769813538
+0000.159E+00NV,4339.773175239563
+0000.159E+00NV,4346.670037031174
4353.392169475555,+0000.159E+00NV
4360.261789321899,+0000.159E+00NV
+0000.159E+00NV,4366.678463459015
+0000.159E+00NV,4373.164011001587
+0000.159E+00NV,4379.827467918396
+0000.159E+00NV,4386.547528743744
4393.390379190445,+0000.159E+00NV
+0000.159E+00NV,4399.845757961273
+0000.159E+00NV,4406.552702188492
+0000.159E+00NV,4413.527177095413
+0000.159E+00NV,4420.13694691658
+0000.159E+00NV,4427.179805994034
4433.7235271930695,+0000.159E+00NV
4440.154802083969,+0000.159E+00NV
+0000.159E+00NV,4446.892397403717
+0000.159E+00NV,4453.283469200134
+0000.159E+00NV,4460.068954467773
+0000.159E+00NV,4466.336186170578
4472.568261146545,+0000.159E+00NV
+0000.159E+00NV,4479.13708281517
+0000.159E+00NV,4485.462528467178
+0000.159E+00NV,4491.940268039703
+0000.159E+00NV,4498.731067895889
4505.367822885513,+0000.159E+00NV
+0000.159E+00NV,4511.998411655426
+0000.159E+00NV,4518.523561954498
+0000.159E+00NV,4524.978661775589
+0000.159E+00NV,4531.898621559143
4538.302852392197,+0000.159E+00NV
4545.131533622742,+0000.159E+00NV
+0000.159E+00NV,4551.573454856873
+0000.159E+00NV,4557.964282512665
+0000.159E+00NV,4565.1090133190155
+0000.159E+00NV,4571.5405077934265
+0000.159E+00NV,4578.215206861496
4584.48092341423,+0000.159E+00NV
+0000.159E+00NV,4590.978365182877
+0000.159E+00NV,4597.88836145401
+0000.159E+00NV,4604.489412069321
+0000.159E+00NV,4610.8219220638275
4617.2567348480225,+0000.159E+00NV
+0000.159E+00NV,4623.841844320297
+0000.159E+00NV,4630.708266019821
+0000.159E+00NV,4637.663415670395
+0000.159E+00NV,4644.316250085831
+0000.159E+00NV,4651.083277225494
4657.704530477524,+0000.159E+00NV
4664.277640342712,+0000.159E+00NV
+0000.159E+00NV,4670.823779821396
+0000.159E+00NV,4677.516758918762
4683.8242700099945,+0000.163E+00NV
4690.255438566208,+0000.163E+00NV
4697.090119123459,+0000.163E+00NV
4703.81036567688,+0000.163E+00NV
4710.285142660141,+0000.163E+00NV
4717.25904250145,+0000.163E+00NV
4723.970123529434,+0000.163E+00NV
4730.7838389873505,+0000.162E+00NV
4737.4433171749115,+0000.162E+00NV
4744.318279981613,+0000.162E+00NV
+0000.162E+00NV,4751.050224065781
4757.490443706512,+0000.162E+00NV
4764.176362037659,+0000.162E+00NV
4770.803307294846,+0000.162E+00NV
4777.429357767105,+0000.162E+00NV
4784.131492853165,+0000.162E+00NV
4790.743919610977,+0000.162E+00NV
4797.707387924194,+0000.162E+00NV
4804.355455160141,+0000.162E+00NV
4811.038728952408,+0000.162E+00NV
4817.985194444656,+0000.162E+00NV
4824.52993106842,+0000.162E+00NV
+0000.162E+00NV,4831.262184858322
4837.806197404861,+0000.162E+00NV
4844.533621788025,+0000.162E+00NV
4851.4584057331085,+0000.162E+00NV
4858.089533805847,+0000.162E+00NV
4864.596389293671,+0000.162E+00NV
+0000.162E+00NV,4871.190712451935
4877.9564509391785,+0000.162E+00NV
4884.634787082672,+0000.162E+00NV
4891.180533647537,+0000.162E+00NV
4897.823442220688,+0000.162E+00NV
4904.403738260269,+0000.162E+00NV
+0000.162E+00NV,4911.068697214127
4917.939612865448,+0000.162E+00NV
4924.757177591324,+0000.162E+00NV
4931.561111450195,+0000.162E+00NV
4938.907338142395,+0000.162E+00NV
4945.404225826263,+0000.162E+00NV
4952.126841545105,+0000.162E+00NV
+0000.162E+00NV,4959.0102825164795
4965.922849178314,+0000.163E+00NV
4973.097509384155,+0000.163E+00NV
4980.098910331726,+0000.163E+00NV
4987.345511674881,+0000.163E+00NV
4994.322909355164,+0000.163E+00NV
5001.975707054138,+0000.163E+00NV
5008.67240357399,+0000.163E+00NV
5015.639314651489,+0000.163E+00NV
5022.689958810806,+0000.163E+00NV
5030.23134469986,+0000.163E+00NV
5037.177718162537,+0000.163E+00NV
5044.398468494415,+0000.163E+00NV
5051.296115875244,+0000.163E+00NV
5058.054824829102,+0000.163E+00NV
5064.992637395859,+0000.163E+00NV
5071.802709341049,+0000.163E+00NV
5078.344851493835,+0000.163E+00NV
5084.707022428513,+0000.163E+00NV
5091.543567657471,+0000.163E+00NV
5098.778560400009,+0000.163E+00NV
5105.877247810364,+0000.163E+00NV
5112.138749599457,+0000.163E+00NV
5118.862197399139,+0000.163E+00NV
5125.430159807205,+0000.163E+00NV
5132.6174929142,+0000.163E+00NV
5139.3969848155975,+0000.163E+00NV
5146.272280454636,+0000.163E+00NV
5152.9124584198,+0000.163E+00NV
5159.668173313141,+0000.163E+00NV
5166.296684503555,+0000.163E+00NV
5172.958158731461,+0000.163E+00NV
5179.930913925171,+0000.163E+00NV
5186.633011817932,+0000.163E+00NV
5193.582767963409,+0000.163E+00NV
5200.766501903534,+0000.162E+00NV
+0000.162E+00NV,5207.634778261185
5214.388751029968,+0000.162E+00NV
5221.19051861763,+0000.162E+00NV
5228.124514579773,+0000.162E+00NV
5235.733152389526,+0000.162E+00NV
5242.563899517059,+0000.162E+00NV
5249.552637338638,+0000.162E+00NV
5256.184513568878,+0000.162E+00NV
+0000.162E+00NV,5263.270408153534
5269.992439508438,+0000.162E+00NV
5276.77679848671,+0000.162E+00NV
5284.2763340473175,+0000.162E+00NV
5291.326995372772,+0000.162E+00NV
5298.300903081894,+0000.162E+00NV
5305.121855974197,+0000.162E+00NV
+0000.162E+00NV,5311.828486919403
+0000.162E+00NV,5319.341203212738
5326.351449251175,+0000.162E+00NV
5333.526159524918,+0000.162E+00NV
5340.341974973679,+0000.162E+00NV
5347.388375759125,+0000.162E+00NV
5354.417922973633,+0000.162E+00NV
5361.214179992676,+0000.162E+00NV
5368.179663896561,+0000.162E+00NV
+0000.162E+00NV,5375.0540227890015
+0000.162E+00NV,5382.281809568405
5389.23686170578,+0000.162E+00NV
5396.062876701355,+0000.162E+00NV
5403.363627433777,+0000.162E+00NV
5410.268493413925,+0000.162E+00NV
5416.26154589653,+0000.162E+00NV
5416.945859193802,+0000.162E+00NV
5421.179679632187,+0000.162E+00NV
5425.839606523514,+0000.162E+00NV
5429.719653606415,+0000.162E+00NV
5433.771328926086,+0000.162E+00NV
5437.898187160492,+0000.162E+00NV
5442.34263086319,+0000.162E+00NV
5446.319590806961,+0000.162E+00NV
5449.948038578033,+0000.162E+00NV
5454.026698350906,+0000.162E+00NV
5458.065828561783,+0000.162E+00NV
5462.15648317337,+0000.162E+00NV
5466.076553821564,+0000.162E+00NV
5470.353621721268,+0000.162E+00NV
5474.5412521362305,+0000.162E+00NV
5478.483076095581,+0000.162E+00NV
5482.648992061615,+0000.162E+00NV
5486.620948076248,+0000.162E+00NV
5491.1487855911255,+0000.162E+00NV
+0000.162E+00NV,5495.129170894623
5499.317663908005,+0000.162E+00NV
+0000.162E+00NV,5503.573414802551
5504.28738451004,+0000.162E+00NV
5508.39701461792,+0000.162E+00NV
5512.5125432014465,+0000.162E+00NV
5516.909417390823,+0000.162E+00NV
5521.107327461243,+0000.162E+00NV
5524.925909996033,+0000.162E+00NV
5529.048084497452,+0000.162E+00NV
5533.0554122924805,+0000.162E+00NV
5537.2238619327545,+0000.162E+00NV
5541.599939584732,+0000.162E+00NV
5545.394525766373,+0000.162E+00NV
5549.411094903946,+0000.162E+00NV
5553.681816101074,+0000.162E+00NV
5557.950280189514,+0000.162E+00NV
5562.4188776016235,+0000.162E+00NV
5566.951282739639,+0000.162E+00NV
5571.092995166779,+0000.162E+00NV
+0000.162E+00NV,5575.115340232849
5579.552322149277,+0000.162E+00NV
+0000.162E+00NV,5583.967981100082
5588.5056030750275,+0000.162E+00NV
5592.3301746845245,+0000.162E+00NV
5596.585148096085,+0000.162E+00NV
5601.027951717377,+0000.163E+00NV
5605.169721126556,+0000.163E+00NV
5609.04675245285,+0000.163E+00NV
5613.235972642899,+0000.163E+00NV
5617.658965349197,+0000.163E+00NV
5622.33607339859,+0000.163E+00NV
5626.620199203491,+0000.163E+00NV
5630.735941410065,+0000.163E+00NV
5634.873314857483,+0000.163E+00NV
5639.2278044223785,+0000.163E+00NV
5643.229672908783,+0000.163E+00NV
5647.257231712341,+0000.163E+00NV
5651.337773561478,+0000.163E+00NV
5655.416050195694,+0000.163E+00NV
5659.120029211044,+0000.163E+00NV
5663.251534461975,+0000.163E+00NV
5667.362421989441,+0000.163E+00NV
5671.223348140717,+0000.163E+00NV
5675.396792411804,+0000.163E+00NV
5679.613732099533,+0000.163E+00NV
5683.772107839584,+0000.163E+00NV
5688.041135549545,+0000.163E+00NV
5692.403038978577,+0000.163E+00NV
5696.495777606964,+0000.163E+00NV
5700.730169296265,+0000.163E+00NV
5704.647349596024,+0000.163E+00NV
5709.156065702438,+0000.163E+00NV
5713.246532917023,+0000.163E+00NV
5717.578099966049,+0000.163E+00NV
5722.070944786072,+0000.163E+00NV
5726.44473195076,+0000.163E+00NV
5730.44403219223,+0000.163E+00NV
5734.55228972435,+0000.163E+00NV
5738.709774017334,+0000.163E+00NV
5743.147348403931,+0000.163E+00NV
5747.197049856186,+0000.163E+00NV
5751.705225229263,+0000.163E+00NV
5755.786326169968,+0000.163E+00NV
5759.815281391144,+0000.163E+00NV
5763.9901468753815,+0000.163E+00NV
5767.94461107254,+0000.163E+00NV
5772.379956960678,+0000.163E+00NV
5776.882430791855,+0000.163E+00NV
5780.924798488617,+0000.163E+00NV
5781.651869058609,+0000.163E+00NV
5786.0843625068665,+0000.163E+00NV
5786.811486244202,+0000.163E+00NV
5791.114763259888,+0000.163E+00NV
5795.493367433548,+0000.163E+00NV
5796.118677854538,+0000.163E+00NV
5802.668311834335,+0000.163E+00NV
5803.279798269272,+0000.163E+00NV
5812.073775053024,+0000.163E+00NV
5812.659395456314,+0000.163E+00NV
5818.003431558609,+0000.163E+00NV
5823.556667089462,+0000.163E+00NV
5829.472506523132,+0000.163E+00NV
5836.096920967102,+0000.163E+00NV
5842.324618339539,+0000.163E+00NV
5848.481107234955,+0000.163E+00NV
5852.972608804703,+0000.163E+00NV
5857.9884440898895,+0000.163E+00NV
5864.102588176727,+0000.163E+00NV
5869.949766874313,+0000.163E+00NV
5875.84797668457,+0000.163E+00NV
5881.424516916275,+0000.163E+00NV
5882.003458976746,+0000.163E+00NV
5886.544018983841,+0000.163E+00NV
